Product,Original Review,Sentiment,Themes,Expanded Review
Laptop,This laptop has excellent performance but could improve on battery life.,"The sentiment is mixed.  While there's positive sentiment (""excellent performance""), it's tempered by a negative observation (""could improve on battery life"").  Overall, it leans slightly positive because the positive aspect is stronger and more directly stated.
","The key themes are:

* **Performance:**  Specifically, the high level of performance.
* **Battery Life:** Specifically, the inadequacy of the battery life.
","This laptop is a powerhouse when it comes to performance.  Applications launch instantly, multitasking is smooth as silk, and even demanding games run flawlessly.  The speed and responsiveness are truly excellent; I haven't experienced any lag or slowdown whatsoever.  However, this impressive performance comes at a cost.  The battery life is significantly underwhelming.  I'm lucky to get three hours of use on a single charge, even with power-saving features enabled.  This makes it impractical for extended use away from a power outlet.  While the outstanding processing power makes this laptop a dream to work with at my desk, the short battery life severely limits its portability.  Overall, I'd recommend it for someone who primarily uses their laptop at home or in an office setting, but those who need a machine for prolonged use on the go should look elsewhere.
"
vacuum cleaner,"Setup was a breeze, and the vacuum cleaner works like a charm. My floors have never been cleaner!.","The sentiment is overwhelmingly positive.  The reviewer expresses ease of setup and strong satisfaction with the vacuum cleaner's performance.
","The key themes are:

* **Ease of Setup:**  The simplicity and quickness of the setup process.
* **Cleaning Performance:** The effectiveness of the vacuum cleaner in cleaning floors.
","Setting up this vacuum cleaner was incredibly straightforward.  Unboxing it was a simple affair, and the instructions were clear and concise.  I had it assembled and ready to go in under five minutes – no wrestling with complicated parts or deciphering confusing diagrams.  It was truly a breeze!  And the performance?  Exceptional.  This vacuum cleaner is a game-changer.  I've never seen my floors so clean.  It effortlessly picks up everything from dust bunnies and pet hair to larger debris.  The suction power is amazing, and the maneuverability is excellent, allowing me to easily reach under furniture and into tight corners.  I used to dread cleaning, but now I actually find myself looking forward to it!  This vacuum cleaner has completely exceeded my expectations, and I wholeheartedly recommend it to anyone looking for a powerful, yet easy-to-use cleaning solution.
"
Wireless Earbuds,"The sound quality is clear, and the noise cancellation works great. Very satisfied!.","The sentiment is overwhelmingly positive.
","The key themes are:

* **Sound Quality:**  Specifically, the clarity of the audio.
* **Noise Cancellation:** The effectiveness of the noise cancellation feature.
* **Overall Satisfaction:**  The user's high level of contentment with the product.
","From the moment I put these headphones on, I was blown away by the sound quality.  The clarity is exceptional; every note, every subtle detail in the music is crystal clear.  I can hear nuances I've never noticed before, even in songs I've listened to countless times.  The bass is rich and resonant without being overpowering, and the highs are bright and crisp.  But what truly sets these headphones apart is the noise cancellation.  It's phenomenal.  I commute on a busy subway every day, and with these headphones on, the noise is virtually eliminated.  I can fully immerse myself in my music or podcasts without being distracted by the surrounding clamor.  It's like stepping into a soundproof bubble.  The comfort is also excellent – I can wear them for hours without any discomfort.  Overall, I'm incredibly satisfied with this purchase.  These headphones offer an unparalleled listening experience, and the noise cancellation is a game-changer.  I highly recommend them to anyone looking for top-quality audio and a peaceful listening environment.
"
